invoice_id,customer_id,date,action,outcome,remaining_amount_before,amount_recovered,remaining_amount_after,status_after,promise_date
INV00001,CUST0019,2026-03-01,gentle_reminder,ignore,364972.32,0.0,364972.32,overdue,
INV00002,CUST0017,2026-03-01,gentle_reminder,ignore,42040.68,0.0,42040.68,overdue,
INV00003,CUST0020,2026-03-01,gentle_reminder,ignore,314576.89,0.0,314576.89,overdue,
INV00004,CUST0031,2026-03-01,gentle_reminder,ignore,411217.48,0.0,411217.48,overdue,
INV00005,CUST0001,2026-03-01,gentle_reminder,ignore,475638.57,0.0,475638.57,overdue,
INV00006,CUST0026,2026-03-01,gentle_reminder,ignore,81318.93,0.0,81318.93,overdue,
INV00007,CUST0034,2026-03-01,gentle_reminder,ignore,577054.85,0.0,577054.85,overdue,
INV00008,CUST0039,2026-03-01,gentle_reminder,ignore,132328.57,0.0,132328.57,overdue,
INV00009,CUST0040,2026-03-01,gentle_reminder,ignore,417690.25,0.0,417690.25,overdue,
INV00010,CUST0028,2026-03-01,gentle_reminder,ignore,426149.47,0.0,426149.47,overdue,
INV00011,CUST0033,2026-03-01,gentle_reminder,pay,641404.24,641404.24,0.0,paid,
INV00012,CUST0015,2026-03-01,gentle_reminder,partial,298155.37,84000.71,214154.66,overdue,
INV00013,CUST0007,2026-03-01,gentle_reminder,ignore,507797.18,0.0,507797.18,overdue,
INV00014,CUST0035,2026-03-01,gentle_reminder,ignore,373704.59,0.0,373704.59,overdue,
INV00015,CUST0005,2026-03-01,gentle_reminder,pay,532550.1,532550.1,0.0,paid,
INV00016,CUST0005,2026-03-01,gentle_reminder,ignore,73443.25,0.0,73443.25,overdue,
INV00017,CUST0017,2026-03-01,gentle_reminder,ignore,525196.84,0.0,525196.84,overdue,
INV00018,CUST0030,2026-03-01,gentle_reminder,ignore,729716.33,0.0,729716.33,overdue,
INV00019,CUST0019,2026-03-01,gentle_reminder,ignore,170657.75,0.0,170657.75,overdue,
INV00020,CUST0039,2026-03-01,gentle_reminder,promise,558916.16,0.0,558916.16,promised,2026-03-08
INV00021,CUST0040,2026-03-01,gentle_reminder,ignore,396351.47,0.0,396351.47,overdue,
INV00022,CUST0007,2026-03-01,gentle_reminder,pay,571463.67,571463.67,0.0,paid,
INV00023,CUST0019,2026-03-01,gentle_reminder,pay,446025.06,446025.06,0.0,paid,
INV00024,CUST0020,2026-03-01,gentle_reminder,ignore,375292.1,0.0,375292.1,overdue,
INV00025,CUST0033,2026-03-01,gentle_reminder,ignore,757286.01,0.0,757286.01,overdue,
INV00026,CUST0014,2026-03-01,gentle_reminder,ignore,426391.58,0.0,426391.58,overdue,
INV00027,CUST0024,2026-03-01,gentle_reminder,ignore,711186.8,0.0,711186.8,overdue,
INV00028,CUST0024,2026-03-01,gentle_reminder,ignore,139866.24,0.0,139866.24,overdue,
INV00029,CUST0032,2026-03-01,gentle_reminder,promise,125455.17,0.0,125455.17,promised,2026-03-11
INV00030,CUST0023,2026-03-01,gentle_reminder,ignore,269769.86,0.0,269769.86,overdue,
INV00031,CUST0022,2026-03-01,gentle_reminder,ignore,24201.47,0.0,24201.47,overdue,
INV00032,CUST0019,2026-03-01,gentle_reminder,ignore,799052.12,0.0,799052.12,overdue,
INV00033,CUST0038,2026-03-01,gentle_reminder,ignore,52890.46,0.0,52890.46,overdue,
INV00034,CUST0007,2026-03-01,gentle_reminder,partial,749438.06,449048.05,300390.01,overdue,
INV00035,CUST0016,2026-03-01,gentle_reminder,ignore,621949.16,0.0,621949.16,overdue,
INV00036,CUST0028,2026-03-01,gentle_reminder,ignore,702445.2,0.0,702445.2,overdue,
INV00037,CUST0036,2026-03-01,gentle_reminder,ignore,589896.69,0.0,589896.69,overdue,
INV00038,CUST0029,2026-03-01,gentle_reminder,ignore,239673.53,0.0,239673.53,overdue,
INV00039,CUST0004,2026-03-01,gentle_reminder,promise,385664.51,0.0,385664.51,promised,2026-03-12
INV00040,CUST0022,2026-03-01,gentle_reminder,pay,781392.5,781392.5,0.0,paid,
INV00041,CUST0017,2026-03-01,gentle_reminder,ignore,452497.54,0.0,452497.54,overdue,
INV00042,CUST0026,2026-03-01,gentle_reminder,pay,178179.93,178179.93,0.0,paid,
INV00043,CUST0032,2026-03-01,gentle_reminder,pay,368218.95,368218.95,0.0,paid,
INV00044,CUST0009,2026-03-01,gentle_reminder,promise,283434.86,0.0,283434.86,promised,2026-03-09
INV00045,CUST0006,2026-03-01,gentle_reminder,ignore,462149.93,0.0,462149.93,overdue,
INV00046,CUST0002,2026-03-01,gentle_reminder,ignore,600484.83,0.0,600484.83,overdue,
INV00047,CUST0014,2026-03-01,gentle_reminder,pay,232850.33,232850.33,0.0,paid,
INV00048,CUST0024,2026-03-01,gentle_reminder,partial,635394.84,361282.44,274112.4,overdue,
INV00049,CUST0014,2026-03-01,gentle_reminder,ignore,521946.49,0.0,521946.49,overdue,
INV00050,CUST0028,2026-03-01,gentle_reminder,ignore,348781.91,0.0,348781.91,overdue,
INV00051,CUST0031,2026-03-01,gentle_reminder,ignore,745237.23,0.0,745237.23,overdue,
INV00052,CUST0034,2026-03-01,gentle_reminder,pay,100601.11,100601.11,0.0,paid,
INV00053,CUST0010,2026-03-01,gentle_reminder,ignore,662935.35,0.0,662935.35,overdue,
INV00054,CUST0030,2026-03-01,gentle_reminder,ignore,113636.64,0.0,113636.64,overdue,
INV00055,CUST0037,2026-03-01,gentle_reminder,ignore,770511.39,0.0,770511.39,overdue,
INV00056,CUST0017,2026-03-01,gentle_reminder,ignore,103024.16,0.0,103024.16,overdue,
INV00057,CUST0005,2026-03-01,gentle_reminder,ignore,219792.28,0.0,219792.28,overdue,
INV00058,CUST0039,2026-03-01,gentle_reminder,ignore,233703.87,0.0,233703.87,overdue,
INV00059,CUST0021,2026-03-01,gentle_reminder,ignore,199292.96,0.0,199292.96,overdue,
INV00060,CUST0016,2026-03-01,gentle_reminder,pay,32103.1,32103.1,0.0,paid,
INV00061,CUST0032,2026-03-01,gentle_reminder,ignore,216946.06,0.0,216946.06,overdue,
INV00062,CUST0028,2026-03-01,gentle_reminder,pay,561220.89,561220.89,0.0,paid,
INV00063,CUST0027,2026-03-01,gentle_reminder,pay,640695.41,640695.41,0.0,paid,
INV00064,CUST0033,2026-03-01,gentle_reminder,ignore,616197.83,0.0,616197.83,overdue,
INV00065,CUST0013,2026-03-01,gentle_reminder,promise,713127.09,0.0,713127.09,promised,2026-03-11
INV00066,CUST0007,2026-03-01,gentle_reminder,ignore,190309.45,0.0,190309.45,overdue,
INV00067,CUST0027,2026-03-01,gentle_reminder,pay,738709.98,738709.98,0.0,paid,
INV00068,CUST0004,2026-03-01,gentle_reminder,ignore,55694.83,0.0,55694.83,overdue,
INV00069,CUST0004,2026-03-01,gentle_reminder,promise,261646.97,0.0,261646.97,promised,2026-03-14
INV00070,CUST0008,2026-03-01,gentle_reminder,pay,160627.07,160627.07,0.0,paid,
INV00071,CUST0034,2026-03-01,gentle_reminder,ignore,584421.19,0.0,584421.19,overdue,
INV00072,CUST0024,2026-03-01,gentle_reminder,promise,76419.98,0.0,76419.98,promised,2026-03-12
INV00073,CUST0006,2026-03-01,gentle_reminder,ignore,610661.9,0.0,610661.9,overdue,
INV00074,CUST0025,2026-03-01,gentle_reminder,ignore,53667.01,0.0,53667.01,overdue,
INV00075,CUST0031,2026-03-01,gentle_reminder,ignore,268797.71,0.0,268797.71,overdue,
INV00001,CUST0019,2026-03-06,firm_reminder,ignore,364972.32,0.0,364972.32,overdue,
INV00002,CUST0017,2026-03-06,firm_reminder,pay,42040.68,42040.68,0.0,paid,
INV00003,CUST0020,2026-03-06,firm_reminder,promise,314576.89,0.0,314576.89,promised,2026-03-14
INV00004,CUST0031,2026-03-06,firm_reminder,pay,411217.48,411217.48,0.0,paid,
INV00005,CUST0001,2026-03-06,firm_reminder,pay,475638.57,475638.57,0.0,paid,
INV00006,CUST0026,2026-03-06,firm_reminder,ignore,81318.93,0.0,81318.93,overdue,
INV00007,CUST0034,2026-03-06,firm_reminder,pay,577054.85,577054.85,0.0,paid,
INV00008,CUST0039,2026-03-06,firm_reminder,ignore,132328.57,0.0,132328.57,overdue,
INV00009,CUST0040,2026-03-06,firm_reminder,ignore,417690.25,0.0,417690.25,overdue,
INV00010,CUST0028,2026-03-06,firm_reminder,partial,426149.47,117616.55,308532.92,overdue,
INV00012,CUST0015,2026-03-06,firm_reminder,promise,214154.66,0.0,214154.66,promised,2026-03-16
INV00013,CUST0007,2026-03-06,firm_reminder,pay,507797.18,507797.18,0.0,paid,
INV00014,CUST0035,2026-03-06,firm_reminder,promise,373704.59,0.0,373704.59,promised,2026-03-20
INV00016,CUST0005,2026-03-06,firm_reminder,pay,73443.25,73443.25,0.0,paid,
INV00017,CUST0017,2026-03-06,firm_reminder,ignore,525196.84,0.0,525196.84,overdue,
INV00018,CUST0030,2026-03-06,firm_reminder,ignore,729716.33,0.0,729716.33,overdue,
INV00019,CUST0019,2026-03-06,firm_reminder,ignore,170657.75,0.0,170657.75,overdue,
INV00021,CUST0040,2026-03-06,firm_reminder,ignore,396351.47,0.0,396351.47,overdue,
INV00024,CUST0020,2026-03-06,firm_reminder,ignore,375292.1,0.0,375292.1,overdue,
INV00025,CUST0033,2026-03-06,firm_reminder,promise,757286.01,0.0,757286.01,promised,2026-03-16
INV00026,CUST0014,2026-03-06,firm_reminder,ignore,426391.58,0.0,426391.58,overdue,
INV00027,CUST0024,2026-03-06,firm_reminder,promise,711186.8,0.0,711186.8,promised,2026-03-16
INV00028,CUST0024,2026-03-06,firm_reminder,pay,139866.24,139866.24,0.0,paid,
INV00030,CUST0023,2026-03-06,firm_reminder,ignore,269769.86,0.0,269769.86,overdue,
INV00031,CUST0022,2026-03-06,firm_reminder,ignore,24201.47,0.0,24201.47,overdue,
INV00032,CUST0019,2026-03-06,firm_reminder,ignore,799052.12,0.0,799052.12,overdue,
INV00033,CUST0038,2026-03-06,firm_reminder,ignore,52890.46,0.0,52890.46,overdue,
INV00034,CUST0007,2026-03-06,firm_reminder,ignore,300390.01,0.0,300390.01,overdue,
INV00035,CUST0016,2026-03-06,firm_reminder,pay,621949.16,621949.16,0.0,paid,
INV00036,CUST0028,2026-03-06,firm_reminder,pay,702445.2,702445.2,0.0,paid,
INV00037,CUST0036,2026-03-06,firm_reminder,pay,589896.69,589896.69,0.0,paid,
INV00038,CUST0029,2026-03-06,firm_reminder,ignore,239673.53,0.0,239673.53,overdue,
INV00041,CUST0017,2026-03-06,firm_reminder,partial,452497.54,230294.11,222203.43,overdue,
INV00045,CUST0006,2026-03-06,firm_reminder,ignore,462149.93,0.0,462149.93,overdue,
INV00046,CUST0002,2026-03-06,firm_reminder,ignore,600484.83,0.0,600484.83,overdue,
INV00048,CUST0024,2026-03-06,firm_reminder,ignore,274112.4,0.0,274112.4,overdue,
INV00049,CUST0014,2026-03-06,firm_reminder,ignore,521946.49,0.0,521946.49,overdue,
INV00050,CUST0028,2026-03-06,firm_reminder,ignore,348781.91,0.0,348781.91,overdue,
INV00051,CUST0031,2026-03-06,firm_reminder,ignore,745237.23,0.0,745237.23,overdue,
INV00053,CUST0010,2026-03-06,firm_reminder,ignore,662935.35,0.0,662935.35,overdue,
INV00054,CUST0030,2026-03-06,firm_reminder,pay,113636.64,113636.64,0.0,paid,
INV00055,CUST0037,2026-03-06,firm_reminder,ignore,770511.39,0.0,770511.39,overdue,
INV00056,CUST0017,2026-03-06,firm_reminder,ignore,103024.16,0.0,103024.16,overdue,
INV00057,CUST0005,2026-03-06,firm_reminder,ignore,219792.28,0.0,219792.28,overdue,
INV00058,CUST0039,2026-03-06,firm_reminder,pay,233703.87,233703.87,0.0,paid,
INV00059,CUST0021,2026-03-06,firm_reminder,promise,199292.96,0.0,199292.96,promised,2026-03-16
INV00061,CUST0032,2026-03-06,firm_reminder,ignore,216946.06,0.0,216946.06,overdue,
INV00064,CUST0033,2026-03-06,firm_reminder,pay,616197.83,616197.83,0.0,paid,
INV00066,CUST0007,2026-03-06,firm_reminder,ignore,190309.45,0.0,190309.45,overdue,
INV00068,CUST0004,2026-03-06,firm_reminder,pay,55694.83,55694.83,0.0,paid,
INV00071,CUST0034,2026-03-06,firm_reminder,pay,584421.19,584421.19,0.0,paid,
INV00073,CUST0006,2026-03-06,firm_reminder,ignore,610661.9,0.0,610661.9,overdue,
INV00074,CUST0025,2026-03-06,firm_reminder,ignore,53667.01,0.0,53667.01,overdue,
INV00075,CUST0031,2026-03-06,firm_reminder,ignore,268797.71,0.0,268797.71,overdue,
INV00020,CUST0039,2026-03-08,promise_resolution,promise_kept,,558916.16,,paid,
INV00044,CUST0009,2026-03-09,promise_resolution,promise_kept,,283434.86,,paid,
INV00029,CUST0032,2026-03-11,promise_resolution,promise_broken,,0.0,,overdue,
INV00065,CUST0013,2026-03-11,promise_resolution,promise_kept,,713127.09,,paid,
INV00001,CUST0019,2026-03-11,phone_call,ignore,364972.32,0.0,364972.32,overdue,
INV00006,CUST0026,2026-03-11,phone_call,ignore,81318.93,0.0,81318.93,overdue,
INV00008,CUST0039,2026-03-11,phone_call,ignore,132328.57,0.0,132328.57,overdue,
INV00009,CUST0040,2026-03-11,phone_call,ignore,417690.25,0.0,417690.25,overdue,
INV00010,CUST0028,2026-03-11,phone_call,ignore,308532.92,0.0,308532.92,overdue,
INV00017,CUST0017,2026-03-11,phone_call,ignore,525196.84,0.0,525196.84,overdue,
INV00018,CUST0030,2026-03-11,phone_call,promise,729716.33,0.0,729716.33,promised,2026-03-22
INV00019,CUST0019,2026-03-11,phone_call,ignore,170657.75,0.0,170657.75,overdue,
INV00021,CUST0040,2026-03-11,phone_call,pay,396351.47,396351.47,0.0,paid,
INV00024,CUST0020,2026-03-11,phone_call,ignore,375292.1,0.0,375292.1,overdue,
INV00026,CUST0014,2026-03-11,phone_call,ignore,426391.58,0.0,426391.58,overdue,
INV00029,CUST0032,2026-03-11,firm_reminder,ignore,125455.17,0.0,125455.17,overdue,
INV00030,CUST0023,2026-03-11,phone_call,promise,269769.86,0.0,269769.86,promised,2026-03-19
INV00031,CUST0022,2026-03-11,phone_call,pay,24201.47,24201.47,0.0,paid,
INV00032,CUST0019,2026-03-11,phone_call,ignore,799052.12,0.0,799052.12,overdue,
INV00033,CUST0038,2026-03-11,phone_call,ignore,52890.46,0.0,52890.46,overdue,
INV00034,CUST0007,2026-03-11,phone_call,ignore,300390.01,0.0,300390.01,overdue,
INV00038,CUST0029,2026-03-11,phone_call,ignore,239673.53,0.0,239673.53,overdue,
INV00041,CUST0017,2026-03-11,phone_call,ignore,222203.43,0.0,222203.43,overdue,
INV00045,CUST0006,2026-03-11,phone_call,ignore,462149.93,0.0,462149.93,overdue,
INV00046,CUST0002,2026-03-11,phone_call,ignore,600484.83,0.0,600484.83,overdue,
INV00048,CUST0024,2026-03-11,phone_call,promise,274112.4,0.0,274112.4,promised,2026-03-25
INV00049,CUST0014,2026-03-11,phone_call,ignore,521946.49,0.0,521946.49,overdue,
INV00050,CUST0028,2026-03-11,phone_call,ignore,348781.91,0.0,348781.91,overdue,
INV00051,CUST0031,2026-03-11,phone_call,ignore,745237.23,0.0,745237.23,overdue,
INV00053,CUST0010,2026-03-11,phone_call,ignore,662935.35,0.0,662935.35,overdue,
INV00055,CUST0037,2026-03-11,phone_call,ignore,770511.39,0.0,770511.39,overdue,
INV00056,CUST0017,2026-03-11,phone_call,ignore,103024.16,0.0,103024.16,overdue,
INV00057,CUST0005,2026-03-11,phone_call,ignore,219792.28,0.0,219792.28,overdue,
INV00061,CUST0032,2026-03-11,phone_call,ignore,216946.06,0.0,216946.06,overdue,
INV00066,CUST0007,2026-03-11,phone_call,ignore,190309.45,0.0,190309.45,overdue,
INV00073,CUST0006,2026-03-11,phone_call,ignore,610661.9,0.0,610661.9,overdue,
INV00074,CUST0025,2026-03-11,phone_call,pay,53667.01,53667.01,0.0,paid,
INV00075,CUST0031,2026-03-11,phone_call,ignore,268797.71,0.0,268797.71,overdue,
INV00039,CUST0004,2026-03-12,promise_resolution,promise_broken,,0.0,,overdue,
INV00072,CUST0024,2026-03-12,promise_resolution,promise_broken,,0.0,,overdue,
INV00039,CUST0004,2026-03-12,firm_reminder,ignore,385664.51,0.0,385664.51,overdue,
INV00072,CUST0024,2026-03-12,firm_reminder,partial,76419.98,38765.06,37654.92,overdue,
INV00003,CUST0020,2026-03-14,promise_resolution,promise_broken,,0.0,,overdue,
INV00069,CUST0004,2026-03-14,promise_resolution,promise_kept,,261646.97,,paid,
INV00003,CUST0020,2026-03-14,phone_call,ignore,314576.89,0.0,314576.89,overdue,
INV00012,CUST0015,2026-03-16,promise_resolution,promise_kept,,214154.66,,paid,
INV00025,CUST0033,2026-03-16,promise_resolution,promise_broken,,0.0,,overdue,
INV00027,CUST0024,2026-03-16,promise_resolution,promise_kept,,711186.8,,paid,
INV00059,CUST0021,2026-03-16,promise_resolution,promise_kept,,199292.96,,paid,
INV00001,CUST0019,2026-03-16,payment_plan_offer,ignore,364972.32,0.0,364972.32,overdue,
INV00006,CUST0026,2026-03-16,payment_plan_offer,ignore,81318.93,0.0,81318.93,overdue,
INV00008,CUST0039,2026-03-16,payment_plan_offer,ignore,132328.57,0.0,132328.57,overdue,
INV00009,CUST0040,2026-03-16,payment_plan_offer,ignore,417690.25,0.0,417690.25,overdue,
INV00010,CUST0028,2026-03-16,payment_plan_offer,ignore,308532.92,0.0,308532.92,overdue,
INV00017,CUST0017,2026-03-16,payment_plan_offer,ignore,525196.84,0.0,525196.84,overdue,
INV00019,CUST0019,2026-03-16,payment_plan_offer,ignore,170657.75,0.0,170657.75,overdue,
INV00024,CUST0020,2026-03-16,payment_plan_offer,pay,375292.1,375292.1,0.0,paid,
INV00025,CUST0033,2026-03-16,phone_call,promise,757286.01,0.0,757286.01,promised,2026-03-26
INV00026,CUST0014,2026-03-16,payment_plan_offer,ignore,426391.58,0.0,426391.58,overdue,
INV00029,CUST0032,2026-03-16,phone_call,ignore,125455.17,0.0,125455.17,overdue,
INV00032,CUST0019,2026-03-16,payment_plan_offer,ignore,799052.12,0.0,799052.12,overdue,
INV00033,CUST0038,2026-03-16,payment_plan_offer,ignore,52890.46,0.0,52890.46,overdue,
INV00034,CUST0007,2026-03-16,payment_plan_offer,ignore,300390.01,0.0,300390.01,overdue,
INV00038,CUST0029,2026-03-16,payment_plan_offer,promise,239673.53,0.0,239673.53,promised,2026-03-29
INV00041,CUST0017,2026-03-16,payment_plan_offer,ignore,222203.43,0.0,222203.43,overdue,
INV00045,CUST0006,2026-03-16,payment_plan_offer,promise,462149.93,0.0,462149.93,promised,2026-03-29
INV00046,CUST0002,2026-03-16,payment_plan_offer,ignore,600484.83,0.0,600484.83,overdue,
INV00049,CUST0014,2026-03-16,payment_plan_offer,ignore,521946.49,0.0,521946.49,overdue,
INV00050,CUST0028,2026-03-16,payment_plan_offer,pay,348781.91,348781.91,0.0,paid,
INV00051,CUST0031,2026-03-16,payment_plan_offer,pay,745237.23,745237.23,0.0,paid,
INV00053,CUST0010,2026-03-16,payment_plan_offer,pay,662935.35,662935.35,0.0,paid,
INV00055,CUST0037,2026-03-16,payment_plan_offer,ignore,770511.39,0.0,770511.39,overdue,
INV00056,CUST0017,2026-03-16,payment_plan_offer,ignore,103024.16,0.0,103024.16,overdue,
INV00057,CUST0005,2026-03-16,payment_plan_offer,pay,219792.28,219792.28,0.0,paid,
INV00061,CUST0032,2026-03-16,payment_plan_offer,ignore,216946.06,0.0,216946.06,overdue,
INV00066,CUST0007,2026-03-16,payment_plan_offer,ignore,190309.45,0.0,190309.45,overdue,
INV00073,CUST0006,2026-03-16,payment_plan_offer,pay,610661.9,610661.9,0.0,paid,
INV00075,CUST0031,2026-03-16,payment_plan_offer,pay,268797.71,268797.71,0.0,paid,
INV00039,CUST0004,2026-03-17,phone_call,ignore,385664.51,0.0,385664.51,overdue,
INV00072,CUST0024,2026-03-17,phone_call,ignore,37654.92,0.0,37654.92,overdue,
INV00030,CUST0023,2026-03-19,promise_resolution,promise_kept,,269769.86,,paid,
INV00003,CUST0020,2026-03-19,payment_plan_offer,ignore,314576.89,0.0,314576.89,overdue,
INV00014,CUST0035,2026-03-20,promise_resolution,promise_broken,,0.0,,overdue,
INV00014,CUST0035,2026-03-20,phone_call,ignore,373704.59,0.0,373704.59,overdue,
INV00029,CUST0032,2026-03-21,payment_plan_offer,partial,125455.17,54195.55,71259.62,overdue,
INV00018,CUST0030,2026-03-22,promise_resolution,promise_kept,,729716.33,,paid,
INV00039,CUST0004,2026-03-22,payment_plan_offer,ignore,385664.51,0.0,385664.51,overdue,
INV00072,CUST0024,2026-03-22,payment_plan_offer,ignore,37654.92,0.0,37654.92,overdue,
INV00048,CUST0024,2026-03-25,promise_resolution,promise_kept,,274112.4,,paid,
INV00014,CUST0035,2026-03-25,payment_plan_offer,pay,373704.59,373704.59,0.0,paid,
INV00025,CUST0033,2026-03-26,promise_resolution,promise_broken,,0.0,,overdue,
INV00025,CUST0033,2026-03-26,payment_plan_offer,promise,757286.01,0.0,757286.01,promised,2026-04-02
INV00038,CUST0029,2026-03-29,promise_resolution,promise_broken,,0.0,,overdue,
INV00045,CUST0006,2026-03-29,promise_resolution,promise_kept,,462149.93,,paid,
INV00025,CUST0033,2026-04-02,promise_resolution,promise_kept,,757286.01,,paid,
